{
    "rmse": 0.590211078318208,
    "mae": 0.34834911696954185,
    "r2": -0.48352462949736674,
    "precision": 0.6647239263803681,
    "recall": 0.8899383983572895,
    "f1": 0.7610184372256366,
    "accuracy": 0.6516508830304582
}